1、创建学生表stu，插入3条记录

```mysql
create table stu(s_id int(11) primary key unique not null, s_name varchar(20) not null, addr varchar(50) not null, tel varchar(50) not null);

insert into stu values                                                            ('1','xiaowang','Henan','0371-12345678'),
('2','xiaoli','Hebei','13889072345'),
('3','xiaotian','henan','0371-12345670');

```

2、创建表名表sign，插入3条数据

```mysql
create table sign(s_id int(11) primary key not null unique,s_name varchar(20) not null, s_sch varchar(50) not null , s_sign_sch varchar(50) not null);
```



```mysql
insert into sign values
('1','xiaowang','Middle School1','Peking University'),
('2','xiaoli','Middle School2','Tsinghua University'),
('3','xiaotian','Middle School3','Tsinghua University');
```

3、创建成绩单stu_mark，插入3条记录

```mysql
create table stu_mark(s_id int(11) primary key unique not null , s_name varchar(20) not null,mark int(11) not null);
```



```mysql
insert into stu_mark values
('1','xiaowang','80'),
('2','xiaoli','71'),
('3','xiaotian','70');


```



4、创建考上Peking University的学生的视图

```mysql
create view v1(name,addr,tel,s_sch,s_signs_sch,mark) as select stu.s_name,addr,tel,s_sch,s_sign_sch,mark from stu,sign,stu_mark where stu.s_id=sign.s_id and stu.s_id=stu_mark.s_id ;


select * from v1;                                                                                      +----------+-------+---------------+----------------+---------------------+------+
| name     | addr  | tel           | s_sch          | s_signs_sch         | mark |
+----------+-------+---------------+----------------+---------------------+------+
| xiaowang | Henan | 0371-12345678 | Middle School1 | Peking University   |   80 |
| xiaoli   | Hebei | 13889072345   | Middle School2 | Tsinghua University |   71 |
| xiaotian | henan | 0371-12345670 | Middle School3 | Tsinghua University |   70 |
+----------+-------+---------------+----------------+---------------------+------+


create view v2 as select * from v1 where s_signs_sch='Peking University';


select * from v2;
+----------+-------+---------------+----------------+-------------------+------+
| name     | addr  | tel           | s_sch          | s_signs_sch       | mark |
+----------+-------+---------------+----------------+-------------------+------+
| xiaowang | Henan | 0371-12345678 | Middle School1 | Peking University |   80 |
+----------+-------+---------------+----------------+-------------------+------+


```

5、创建考上Tsinghua University的学生的视图

```mysql
create view v3 as select * from v1 where s_signs_sch='Tsinghua University';


select * from v3;
+----------+-------+---------------+----------------+---------------------+------+
| name     | addr  | tel           | s_sch          | s_signs_sch         | mark |
+----------+-------+---------------+----------------+---------------------+------+
| xiaoli   | Hebei | 13889072345   | Middle School2 | Tsinghua University |   71 |
| xiaotian | henan | 0371-12345670 | Middle School3 | Tsinghua University |   70 |
+----------+-------+---------------+----------------+---------------------+------+


```

6、xiaotian的成绩在录入错误多录了50分，对其成绩进行更正

```mysql
update stu_mark set mark=mark-50 where s_name='xiaotian';
```

7、查看更新过后视图和表的情况

```mysql
select * from stu_mark;
+------+----------+------+
| s_id | s_name   | mark |
+------+----------+------+
|    1 | xiaowang |   80 |
|    2 | xiaoli   |   71 |
|    3 | xiaotian |   20 |
+------+----------+------+


select * from v1;
+----------+-------+---------------+----------------+---------------------+------+
| name     | addr  | tel           | s_sch          | s_signs_sch         | mark |
+----------+-------+---------------+----------------+---------------------+------+
| xiaowang | Henan | 0371-12345678 | Middle School1 | Peking University   |   80 |
| xiaoli   | Hebei | 13889072345   | Middle School2 | Tsinghua University |   71 |
| xiaotian | henan | 0371-12345670 | Middle School3 | Tsinghua University |   20 |
+----------+-------+---------------+----------------+---------------------+------+

```

8、查看视图的创建信息

```mysql
mysql> show create view v1\G
*************************** 1. row ***************************
                View: v1
         Create View: CREATE ALGORITHM=UNDEFINED DEFINER=`root`@`localhost` SQL SECURITY DEFINER VIEW `v1` AS select `stu`.`s_name` AS `name`,`stu`.`addr` AS `addr`,`stu`.`tel` AS `tel`,`sign`.`s_sch` AS `s_sch`,`sign`.`s_sign_sch` AS `s_signs_sch`,`stu_mark`.`mark` AS `mark` from ((`stu` join `sign`) join `stu_mark`) where ((`stu`.`s_id` = `sign`.`s_id`) and (`stu`.`s_id` = `stu_mark`.`s_id`))
character_set_client: utf8
collation_connection: utf8_general_ci
1 row in set (0.00 sec)




mysql> show create view v2\G
*************************** 1. row ***************************
                View: v2
         Create View: CREATE ALGORITHM=UNDEFINED DEFINER=`root`@`localhost` SQL SECURITY DEFINER VIEW `v2` AS select `v1`.`name` AS `name`,`v1`.`addr` AS `addr`,`v1`.`tel` AS `tel`,`v1`.`s_sch` AS `s_sch`,`v1`.`s_signs_sch` AS `s_signs_sch`,`v1`.`mark` AS `mark` from `v1` where (`v1`.`s_signs_sch` = 'Peking University')
character_set_client: utf8
collation_connection: utf8_general_ci
1 row in set (0.00 sec)





mysql> show create view v3\G
*************************** 1. row ***************************
                View: v3
         Create View: CREATE ALGORITHM=UNDEFINED DEFINER=`root`@`localhost` SQL SECURITY DEFINER VIEW `v3` AS select `v1`.`name` AS `name`,`v1`.`addr` AS `addr`,`v1`.`tel` AS `tel`,`v1`.`s_sch` AS `s_sch`,`v1`.`s_signs_sch` AS `s_signs_sch`,`v1`.`mark` AS `mark` from `v1` where (`v1`.`s_signs_sch` = 'Tsinghua University')
character_set_client: utf8
collation_connection: utf8_general_ci
1 row in set (0.00 sec)

```

9、删除创建的视图

```mysql
mysql> drop view v1;


mysql> drop view v2;


mysql> drop view v3;
```



